src,tgt,src_label,tgt_label,src_cat,tgt_cat,src_summary,tgt_summary,cur_type,new_type,new_weight,hint,impact,note
K066,K020,共鸣,Event→Thought→Emotion,关系与社会,认知,共鸣不是同意，是'我感受到你的感受'。,情绪不是事件直接给的，是认知扭曲塑造的（ABC 模型）。,related,,,相关,17,
K064,K094,场域,沃德利地图（Wardley Maps）,关系与社会,系统与策略,选场域比选努力更优先；好场域让平庸变优秀。,看清演化阶段：Genesis → Custom → Product → Comm,related,,,相关,16,
K043,K062,创造优点,身份认同,关系与社会,身份,优点是行为+反馈累积出来的；先假装并坚持到真实。,身份是行为的持续模式；想做新事，先认领新身份。,related,,,相关,15,
K044,K064,主动性 / 建立联系,场域,关系与社会,关系与社会,网络是被构建的，不是'有'的；联结是双向投资。,选场域比选努力更优先；好场域让平庸变优秀。,related,,,related,13,
K064,K016,场域,环境,关系与社会,行动,选场域比选努力更优先；好场域让平庸变优秀。,环境是隐形的执行系统；改环境比改意志便宜 10 倍。,related,,,相关,13,
K064,K063,场域,赛道选择,关系与社会,系统与策略,选场域比选努力更优先；好场域让平庸变优秀。,努力 ≠ 价值；选对赛道，努力 ×10，×100。,related,,,相关,13,
K108,K103,组织资本,柠檬市场（Lemons）,关系与社会,系统与策略,组织资本是隐形资产：流程、文化、关系网；不维护会衰竭。,劣币驱良币；信息不对称时市场失灵。,related,,,相关,12,
K098,K103,地位,柠檬市场（Lemons）,关系与社会,系统与策略,地位是稀缺品；过度争地位会耗竭，长期建设 > 短期输赢。,劣币驱良币；信息不对称时市场失灵。,related,,,相关,11,
K104,K103,替罪羊,柠檬市场（Lemons）,关系与社会,系统与策略,群体焦虑时常找替罪羊；看清机制就能跳出。,劣币驱良币；信息不对称时市场失灵。,related,,,相关,11,
K044,K109,主动性 / 建立联系,人身依附与角色责任,关系与社会,关系与社会,网络是被构建的，不是'有'的；联结是双向投资。,组织常把角色责任扭曲为人身依附；制度强而人不附。,related,,,related,10,
K064,K075,场域,状态杠杆,关系与社会,关系与社会,选场域比选努力更优先；好场域让平庸变优秀。,你的状态会被周围人放大或缩小；选能放大你的环境。,related,,,related,10,
K066,K034,共鸣,Say No,关系与社会,行动,共鸣不是同意，是'我感受到你的感受'。,说不的成本总被低估；说不的能力 = 自由。,related,,,相关,10,
K098,K099,地位,礼,关系与社会,关系与社会,地位是稀缺品；过度争地位会耗竭，长期建设 > 短期输赢。,礼是关系的语法；不学礼，再亲近也崩。,related,,,related,10,
K099,K104,礼,替罪羊,关系与社会,关系与社会,礼是关系的语法；不学礼，再亲近也崩。,群体焦虑时常找替罪羊；看清机制就能跳出。,related,,,related,10,
K104,K098,替罪羊,地位,关系与社会,关系与社会,群体焦虑时常找替罪羊；看清机制就能跳出。,地位是稀缺品；过度争地位会耗竭，长期建设 > 短期输赢。,related,,,related,10,
K108,K100,组织资本,软预算（Soft Budget）,关系与社会,系统与策略,组织资本是隐形资产：流程、文化、关系网；不维护会衰竭。,不硬约束成本 = 资源被滥用；软预算下没有真效率。,related,,,相关,10,
K109,K108,人身依附与角色责任,组织资本,关系与社会,关系与社会,组织常把角色责任扭曲为人身依附；制度强而人不附。,组织资本是隐形资产：流程、文化、关系网；不维护会衰竭。,related,,,related,10,
K043,K038,创造优点,奖励过程（have → having）,关系与社会,行动,优点是行为+反馈累积出来的；先假装并坚持到真实。,不要等有结果再行动；要把过程的'奖励结构'重设计。,related,,,相关,9,
K066,K099,共鸣,礼,关系与社会,关系与社会,共鸣不是同意，是'我感受到你的感受'。,礼是关系的语法；不学礼，再亲近也崩。,related,,,related,9,
K075,K044,状态杠杆,主动性 / 建立联系,关系与社会,关系与社会,你的状态会被周围人放大或缩小；选能放大你的环境。,网络是被构建的，不是'有'的；联结是双向投资。,related,,,related,9,
K097,K044,托付,主动性 / 建立联系,关系与社会,关系与社会,托付是能动地把事/物交给神/人/制度完成；不是放任。,网络是被构建的，不是'有'的；联结是双向投资。,related,,,related,9,
K097,K108,托付,组织资本,关系与社会,关系与社会,托付是能动地把事/物交给神/人/制度完成；不是放任。,组织资本是隐形资产：流程、文化、关系网；不维护会衰竭。,related,,,related,9,
K098,K003,地位,自尊,关系与社会,情绪,地位是稀缺品；过度争地位会耗竭，长期建设 > 短期输赢。,自尊不是高高在上，是稳定地知道'我值得被善待'。,related,,,相关,9,
K105,K103,摩洛克（Molech）,柠檬市场（Lemons）,关系与社会,系统与策略,在焦虑中向其献祭的伪神；识别'替罪结构'。,劣币驱良币；信息不对称时市场失灵。,related,,,相关,9,
K107,K108,剩余判断权,组织资本,关系与社会,关系与社会,授权时不要给'规则'，给'原则 + 剩余判断空间'。,组织资本是隐形资产：流程、文化、关系网；不维护会衰竭。,related,,,related,9,
K075,K098,状态杠杆,地位,关系与社会,关系与社会,你的状态会被周围人放大或缩小；选能放大你的环境。,地位是稀缺品；过度争地位会耗竭，长期建设 > 短期输赢。,related,,,related,8,
K104,K105,替罪羊,摩洛克（Molech）,关系与社会,关系与社会,群体焦虑时常找替罪羊；看清机制就能跳出。,在焦虑中向其献祭的伪神；识别'替罪结构'。,related,,,related,8,
K105,K099,摩洛克（Molech）,礼,关系与社会,关系与社会,在焦虑中向其献祭的伪神；识别'替罪结构'。,礼是关系的语法；不学礼，再亲近也崩。,related,,,related,8,
K106,K099,第三物（Third Object）,礼,关系与社会,关系与社会,两人争论能化解的，往往是引入'第三物'；避免二元对立。,礼是关系的语法；不学礼，再亲近也崩。,related,,,related,8,
K106,K104,第三物（Third Object）,替罪羊,关系与社会,关系与社会,两人争论能化解的，往往是引入'第三物'；避免二元对立。,群体焦虑时常找替罪羊；看清机制就能跳出。,related,,,related,8,
K109,K100,人身依附与角色责任,软预算（Soft Budget）,关系与社会,系统与策略,组织常把角色责任扭曲为人身依附；制度强而人不附。,不硬约束成本 = 资源被滥用；软预算下没有真效率。,related,,,相关,8,
K043,K015,创造优点,扮演（as if）,关系与社会,身份,优点是行为+反馈累积出来的；先假装并坚持到真实。,假装，直到成真：身份的杠杆在行为而非心态。,related,,,相关,7,
K106,K066,第三物（Third Object）,共鸣,关系与社会,关系与社会,两人争论能化解的，往往是引入'第三物'；避免二元对立。,共鸣不是同意，是'我感受到你的感受'。,related,,,related,7,
K109,K107,人身依附与角色责任,剩余判断权,关系与社会,关系与社会,组织常把角色责任扭曲为人身依附；制度强而人不附。,授权时不要给'规则'，给'原则 + 剩余判断空间'。,related,,,related,7,
K097,K107,托付,剩余判断权,关系与社会,关系与社会,托付是能动地把事/物交给神/人/制度完成；不是放任。,授权时不要给'规则'，给'原则 + 剩余判断空间'。,related,,,related,6,
K084,K020,表征 / 图式 / 心智 / 解释,Event→Thought→Emotion,学习,认知,心智不是事实的拷贝，是'表征+图式'的解释机器。,情绪不是事件直接给的，是认知扭曲塑造的（ABC 模型）。,related,,,相关,16,
K082,K083,ICAP 学习层级,刻意练习,学习,学习,被动-主动-建构-互动四层；越建构越深。,练习不是重复；是跳出舒适区 + 反馈 + 修正。,related,,,related,12,
K082,K086,ICAP 学习层级,默会知识,学习,学习,被动-主动-建构-互动四层；越建构越深。,能做的说不出的知识；高手的核心优势。,related,,,related,12,
K083,K086,刻意练习,默会知识,学习,学习,练习不是重复；是跳出舒适区 + 反馈 + 修正。,能做的说不出的知识；高手的核心优势。,related,,,related,12,
K083,K088,刻意练习,可取的困难,学习,学习,练习不是重复；是跳出舒适区 + 反馈 + 修正。,有些困难提升能力，有些耗竭能力；选前者。,related,,,related,11,
K085,K001,综合知识,问题创造现实,学习,意义与目的,知道得多不叫懂；多领域能串通才是综合。,提问方式决定你能看见的世界；问题的形塑力大于答案。,related,,,相关,11,
K088,K082,可取的困难,ICAP 学习层级,学习,学习,有些困难提升能力，有些耗竭能力；选前者。,被动-主动-建构-互动四层；越建构越深。,related,,,related,11,
K059,K068,高认知负荷,分布,学习,认知,工作记忆带宽有限；过载时学习、判断、决策全面降级。,看均值会忽略尾部；看分布才能看见可能。,related,,,相关,10,
K082,K087,ICAP 学习层级,反馈（Feedback）,学习,学习,被动-主动-建构-互动四层；越建构越深。,没有反馈就没有学习；反馈越快越具体，能力曲线越陡。,related,,,related,10,
K083,K087,刻意练习,反馈（Feedback）,学习,学习,练习不是重复；是跳出舒适区 + 反馈 + 修正。,没有反馈就没有学习；反馈越快越具体，能力曲线越陡。,related,,,related,10,
K086,K087,默会知识,反馈（Feedback）,学习,学习,能做的说不出的知识；高手的核心优势。,没有反馈就没有学习；反馈越快越具体，能力曲线越陡。,related,,,related,10,
K081,K082,认知负载（理论）,ICAP 学习层级,学习,学习,短期记忆有限；学习设计要让多余负荷让位于相关负荷。,被动-主动-建构-互动四层；越建构越深。,related,,,related,9,
K082,K085,ICAP 学习层级,综合知识,学习,学习,被动-主动-建构-互动四层；越建构越深。,知道得多不叫懂；多领域能串通才是综合。,related,,,related,9,
K084,K048,表征 / 图式 / 心智 / 解释,叙事（故事）,学习,认知,心智不是事实的拷贝，是'表征+图式'的解释机器。,我们活在自己讲的故事里；改写叙事 = 改写现实。,related,,,相关,9,
K084,K086,表征 / 图式 / 心智 / 解释,默会知识,学习,学习,心智不是事实的拷贝，是'表征+图式'的解释机器。,能做的说不出的知识；高手的核心优势。,related,,,related,9,
K085,K086,综合知识,默会知识,学习,学习,知道得多不叫懂；多领域能串通才是综合。,能做的说不出的知识；高手的核心优势。,related,,,related,9,
K087,K088,反馈（Feedback）,可取的困难,学习,学习,没有反馈就没有学习；反馈越快越具体，能力曲线越陡。,有些困难提升能力，有些耗竭能力；选前者。,related,,,related,9,
K059,K026,高认知负荷,写下来（A.B.C）,学习,行动,工作记忆带宽有限；过载时学习、判断、决策全面降级。,心智外移到纸上；'写'是认知的廉价外骨骼。,related,,,相关,8,
K081,K088,认知负载（理论）,可取的困难,学习,学习,短期记忆有限；学习设计要让多余负荷让位于相关负荷。,有些困难提升能力，有些耗竭能力；选前者。,related,,,related,8,
K059,K081,高认知负荷,认知负载（理论）,学习,学习,工作记忆带宽有限；过载时学习、判断、决策全面降级。,短期记忆有限；学习设计要让多余负荷让位于相关负荷。,related,,,related,6,
K032,K020,压力（break）,Event→Thought→Emotion,情绪,认知,压力不是负担，是'被需要'的信号；用对就增益。,情绪不是事件直接给的，是认知扭曲塑造的（ABC 模型）。,related,,,treats / reframes,19,
K061,K020,负面情绪,Event→Thought→Emotion,情绪,认知,负面情绪是数据，不是要消灭的敌人；信号读完即可放行。,情绪不是事件直接给的，是认知扭曲塑造的（ABC 模型）。,related,,,treats / reframes,17,
K003,K062,自尊,身份认同,情绪,身份,自尊不是高高在上，是稳定地知道'我值得被善待'。,身份是行为的持续模式；想做新事，先认领新身份。,related,,,相关,16,
K019,K020,想象,Event→Thought→Emotion,情绪,认知,想象是低成本的预演；也是焦虑的放大镜。,情绪不是事件直接给的，是认知扭曲塑造的（ABC 模型）。,related,,,treats / reframes,16,
K073,K052,脆弱和反脆弱,不确定性（Knightian）,情绪,系统与策略,脆弱 = 波动大；反脆弱 = 波动越大越受益。,不确定性不是敌人，是地图之外的总面积；管理它而不是消灭它。,related,,,相关,15,
K010,K022,幸福水平回归,感激（Gratitude）,情绪,情绪,幸福有基线；大好事/坏事会回归；不该指望外物持久拔高。,感激不是客气，是主动切到'足够'视角的方法。,related,,,同簇，多为 enables / prevents,13,
K010,K038,幸福水平回归,奖励过程（have → having）,情绪,行动,幸福有基线；大好事/坏事会回归；不该指望外物持久拔高。,不要等有结果再行动；要把过程的'奖励结构'重设计。,related,,,treats (行动解决情绪),13,
K022,K039,感激（Gratitude）,自我意识（what else do you want）,情绪,意义与目的,感激不是客气，是主动切到'足够'视角的方法。,问自己'还要什么'，让隐藏需求浮出；不主动问会被无意识填满。,related,,,相关,13,
K032,K010,压力（break）,幸福水平回归,情绪,情绪,压力不是负担，是'被需要'的信号；用对就增益。,幸福有基线；大好事/坏事会回归；不该指望外物持久拔高。,related,,,同簇，多为 enables / prevents,13,
K032,K073,压力（break）,脆弱和反脆弱,情绪,情绪,压力不是负担，是'被需要'的信号；用对就增益。,脆弱 = 波动大；反脆弱 = 波动越大越受益。,related,,,同簇，多为 enables / prevents,13,
K017,K048,P or N 视角,叙事（故事）,情绪,认知,同一事件，可用成长视角（P）或威胁视角（N）解读。,我们活在自己讲的故事里；改写叙事 = 改写现实。,related,,,treats / reframes,12,
K073,K074,脆弱和反脆弱,期权（Options）,情绪,系统与策略,脆弱 = 波动大；反脆弱 = 波动越大越受益。,保留廉价的不对称机会；放弃确定性换取可能。,related,,,相关,12,
K003,K073,自尊,脆弱和反脆弱,情绪,情绪,自尊不是高高在上，是稳定地知道'我值得被善待'。,脆弱 = 波动大；反脆弱 = 波动越大越受益。,related,,,同簇，多为 enables / prevents,11,
K004,K010,消极,幸福水平回归,情绪,情绪,消极不只是情绪，是思维的默认通道；可以训练切换。,幸福有基线；大好事/坏事会回归；不该指望外物持久拔高。,related,,,同簇，多为 enables / prevents,11,
K017,K013,P or N 视角,Be the change you want to see in the world,情绪,意义与目的,同一事件，可用成长视角（P）或威胁视角（N）解读。,想要的世界由你先活成；先活后等不是因果，是唯一路径。,related,,,相关,11,
K018,K073,失败 More,脆弱和反脆弱,情绪,情绪,失败不是反例，是数据；量比质更重要。,脆弱 = 波动大；反脆弱 = 波动越大越受益。,related,,,同簇，多为 enables / prevents,11,
K040,K017,3P：许可 / 积极 / 视角,P or N 视角,情绪,情绪,Permission / Positive / Perspective：给情绪三,同一事件，可用成长视角（P）或威胁视角（N）解读。,related,,,同簇，多为 enables / prevents,11,
K040,K025,3P：许可 / 积极 / 视角,take time off,情绪,行动,Permission / Positive / Perspective：给情绪三,战略性撤退是生产力工具，不是奖励。,related,,,treats (行动解决情绪),11,
K042,K039,内向 / 外向（恢复）,自我意识（what else do you want）,情绪,意义与目的,能量有主要来源；不充电就会失控。,问自己'还要什么'，让隐藏需求浮出；不主动问会被无意识填满。,related,,,相关,11,
K004,K022,消极,感激（Gratitude）,情绪,情绪,消极不只是情绪，是思维的默认通道；可以训练切换。,感激不是客气，是主动切到'足够'视角的方法。,related,,,同簇，多为 enables / prevents,10,
K008,K010,笑,幸福水平回归,情绪,情绪,笑能反向重塑情绪回路；不是掩饰，是生理工具。,幸福有基线；大好事/坏事会回归；不该指望外物持久拔高。,related,,,同簇，多为 enables / prevents,10,
K061,K017,负面情绪,P or N 视角,情绪,情绪,负面情绪是数据，不是要消灭的敌人；信号读完即可放行。,同一事件，可用成长视角（P）或威胁视角（N）解读。,related,,,同簇，多为 enables / prevents,10,
K003,K040,自尊,3P：许可 / 积极 / 视角,情绪,情绪,自尊不是高高在上，是稳定地知道'我值得被善待'。,Permission / Positive / Perspective：给情绪三,related,,,同簇，多为 enables / prevents,9,
K004,K040,消极,3P：许可 / 积极 / 视角,情绪,情绪,消极不只是情绪，是思维的默认通道；可以训练切换。,Permission / Positive / Perspective：给情绪三,related,,,同簇，多为 enables / prevents,9,
K008,K022,笑,感激（Gratitude）,情绪,情绪,笑能反向重塑情绪回路；不是掩饰，是生理工具。,感激不是客气，是主动切到'足够'视角的方法。,related,,,同簇，多为 enables / prevents,9,
K018,K013,失败 More,Be the change you want to see in the world,情绪,意义与目的,失败不是反例，是数据；量比质更重要。,想要的世界由你先活成；先活后等不是因果，是唯一路径。,related,,,相关,9,
K019,K032,想象,压力（break）,情绪,情绪,想象是低成本的预演；也是焦虑的放大镜。,压力不是负担，是'被需要'的信号；用对就增益。,related,,,同簇，多为 enables / prevents,9,
K041,K006,灵药（Magical Thinking）,理想 + 现实 + Action,情绪,行动,没有万能解决方案；过度渴望'灵药'反而延迟行动。,理想画方向，现实给约束；二者之间只活 Action。,related,,,treats (行动解决情绪),9,
K041,K035,灵药（Magical Thinking）,拖延,情绪,行动,没有万能解决方案；过度渴望'灵药'反而延迟行动。,拖延不是懒，是情绪管理失败（怕失败/求完美/怕无聊）。,related,,,treats (行动解决情绪),9,
K061,K005,负面情绪,接纳（Acceptance）,情绪,意义与目的,负面情绪是数据，不是要消灭的敌人；信号读完即可放行。,接纳不是认输，是停止用能量抵抗已发生的事，把省下来的能量用于能做的。,related,,,相关,9,
K061,K040,负面情绪,3P：许可 / 积极 / 视角,情绪,情绪,负面情绪是数据，不是要消灭的敌人；信号读完即可放行。,Permission / Positive / Perspective：给情绪三,related,,,同簇，多为 enables / prevents,9,
K019,K088,想象,可取的困难,情绪,学习,想象是低成本的预演；也是焦虑的放大镜。,有些困难提升能力，有些耗竭能力；选前者。,related,,,相关,8,
K008,K004,笑,消极,情绪,情绪,笑能反向重塑情绪回路；不是掩饰，是生理工具。,消极不只是情绪，是思维的默认通道；可以训练切换。,related,,,同簇，多为 enables / prevents,7,
K001,K031,问题创造现实,Calling,意义与目的,意义与目的,提问方式决定你能看见的世界；问题的形塑力大于答案。,Calling 不是职业而是回响；做对的事会回响到对的人。,related,,,related,15,
K001,K039,问题创造现实,自我意识（what else do you want）,意义与目的,意义与目的,提问方式决定你能看见的世界；问题的形塑力大于答案。,问自己'还要什么'，让隐藏需求浮出；不主动问会被无意识填满。,related,,,related,15,
K001,K048,问题创造现实,叙事（故事）,意义与目的,认知,提问方式决定你能看见的世界；问题的形塑力大于答案。,我们活在自己讲的故事里；改写叙事 = 改写现实。,related,,,相关,14,
K002,K014,No One Is Coming,信念,意义与目的,身份,没人会来救你；自我负责是所有主体的起点。,信念是行为的地基；改变行为先改信念，信念变了世界就跟着变。,related,,,相关,14,
K031,K039,Calling,自我意识（what else do you want）,意义与目的,意义与目的,Calling 不是职业而是回响；做对的事会回响到对的人。,问自己'还要什么'，让隐藏需求浮出；不主动问会被无意识填满。,related,,,related,14,
K002,K039,No One Is Coming,自我意识（what else do you want）,意义与目的,意义与目的,没人会来救你；自我负责是所有主体的起点。,问自己'还要什么'，让隐藏需求浮出；不主动问会被无意识填满。,related,,,related,13,
K101,K001,米提斯（Metis）,问题创造现实,意义与目的,意义与目的,智慧不止'知道'，更包括'知道何时、用何、为何'的实践巧思。,提问方式决定你能看见的世界；问题的形塑力大于答案。,related,,,related,13,
K031,K101,Calling,米提斯（Metis）,意义与目的,意义与目的,Calling 不是职业而是回响；做对的事会回响到对的人。,智慧不止'知道'，更包括'知道何时、用何、为何'的实践巧思。,related,,,related,12,
K039,K057,自我意识（what else do you want）,自我觉得论（SDT）,意义与目的,认知,问自己'还要什么'，让隐藏需求浮出；不主动问会被无意识填满。,自主、胜任、归属三需求被满足时，动机与幸福最稳。,related,,,相关,12,
K110,K031,死亡（Death）,Calling,意义与目的,意义与目的,把死亡放在视野中央，反而让活着变清晰；它是意义的最强催化剂。,Calling 不是职业而是回响；做对的事会回响到对的人。,related,,,related,12,
K002,K005,No One Is Coming,接纳（Acceptance）,意义与目的,意义与目的,没人会来救你；自我负责是所有主体的起点。,接纳不是认输，是停止用能量抵抗已发生的事，把省下来的能量用于能做的。,related,,,related,11,
K002,K013,No One Is Coming,Be the change you want to see in the world,意义与目的,意义与目的,没人会来救你；自我负责是所有主体的起点。,想要的世界由你先活成；先活后等不是因果，是唯一路径。,related,,,related,11,
K005,K017,接纳（Acceptance）,P or N 视角,意义与目的,情绪,接纳不是认输，是停止用能量抵抗已发生的事，把省下来的能量用于能做的。,同一事件，可用成长视角（P）或威胁视角（N）解读。,related,,,相关,11,
K012,K010,追求幸福,幸福水平回归,意义与目的,情绪,幸福不靠追求，靠'过程设计'；瞄着幸福会偏离。,幸福有基线；大好事/坏事会回归；不该指望外物持久拔高。,related,,,相关,11,
K012,K039,追求幸福,自我意识（what else do you want）,意义与目的,意义与目的,幸福不靠追求，靠'过程设计'；瞄着幸福会偏离。,问自己'还要什么'，让隐藏需求浮出；不主动问会被无意识填满。,related,,,related,11,
K013,K050,Be the change you want to see in the world,能动性（Agency）,意义与目的,系统与策略,想要的世界由你先活成；先活后等不是因果，是唯一路径。,能动性 = 你能动的杠杆点 + 你真的去动；知道+做 = 主权。,related,,,相关,11,
K101,K086,米提斯（Metis）,默会知识,意义与目的,学习,智慧不止'知道'，更包括'知道何时、用何、为何'的实践巧思。,能做的说不出的知识；高手的核心优势。,related,,,相关,11,
K110,K002,死亡（Death）,No One Is Coming,意义与目的,意义与目的,把死亡放在视野中央，反而让活着变清晰；它是意义的最强催化剂。,没人会来救你；自我负责是所有主体的起点。,related,,,related,11,
K110,K053,死亡（Death）,3个我（进程、界面、内核）,意义与目的,身份,把死亡放在视野中央，反而让活着变清晰；它是意义的最强催化剂。,内核稳定，界面灵活，进程是当下任务；改界面不改内核。,related,,,相关,11,
K005,K013,接纳（Acceptance）,Be the change you want to see in the world,意义与目的,意义与目的,接纳不是认输，是停止用能量抵抗已发生的事，把省下来的能量用于能做的。,想要的世界由你先活成；先活后等不是因果，是唯一路径。,related,,,related,10,
K012,K022,追求幸福,感激（Gratitude）,意义与目的,情绪,幸福不靠追求，靠'过程设计'；瞄着幸福会偏离。,感激不是客气，是主动切到'足够'视角的方法。,related,,,相关,10,
K110,K101,死亡（Death）,米提斯（Metis）,意义与目的,意义与目的,把死亡放在视野中央，反而让活着变清晰；它是意义的最强催化剂。,智慧不止'知道'，更包括'知道何时、用何、为何'的实践巧思。,related,,,related,10,
K005,K012,接纳（Acceptance）,追求幸福,意义与目的,意义与目的,接纳不是认输，是停止用能量抵抗已发生的事，把省下来的能量用于能做的。,幸福不靠追求，靠'过程设计'；瞄着幸福会偏离。,related,,,related,9,
K052,K069,不确定性（Knightian）,贝叶斯,系统与策略,认知,不确定性不是敌人，是地图之外的总面积；管理它而不是消灭它。,信念随证据更新；好判断不是更准，是更快纠错。,related,,,相关,16,
K063,K094,赛道选择,沃德利地图（Wardley Maps）,系统与策略,系统与策略,努力 ≠ 价值；选对赛道，努力 ×10，×100。,看清演化阶段：Genesis → Custom → Product → Comm,related,,,related,15,
K046B,K094,场景（系统中）,沃德利地图（Wardley Maps）,系统与策略,系统与策略,同一个动作在不同场景下意义全变；先识别场景再行动。,看清演化阶段：Genesis → Custom → Product → Comm,related,,,related,13,
K049,K052,重尾（Fat Tail）,不确定性（Knightian）,系统与策略,系统与策略,极少数事件占绝大多数结果；要为尾巴下注。,不确定性不是敌人，是地图之外的总面积；管理它而不是消灭它。,related,,,related,13,
K050,K006,能动性（Agency）,理想 + 现实 + Action,系统与策略,行动,能动性 = 你能动的杠杆点 + 你真的去动；知道+做 = 主权。,理想画方向，现实给约束；二者之间只活 Action。,related,,,相关,13,
K055,K094,供给侧心态,沃德利地图（Wardley Maps）,系统与策略,系统与策略,不要追需求，要造供给；让别人'找不到替代'。,看清演化阶段：Genesis → Custom → Product → Comm,related,,,related,13,
K065,K094,探索与利用,沃德利地图（Wardley Maps）,系统与策略,系统与策略,利用已知的稳赢 vs 探索未知的高奖；分配比例 = 阶段决定。,看清演化阶段：Genesis → Custom → Product → Comm,related,,,related,13,
K071,K052,凯利公式（Kelly Criterion）,不确定性（Knightian）,系统与策略,系统与策略,按优势/赔率定下注比例；ALL IN 几乎必败。,不确定性不是敌人，是地图之外的总面积；管理它而不是消灭它。,related,,,related,13,
K089,K094,租（Rent）,沃德利地图（Wardley Maps）,系统与策略,系统与策略,租金 = 你比平均多留的部分；区分真租与租寻。,看清演化阶段：Genesis → Custom → Product → Comm,related,,,related,13,
K095,K094,成本病（Baumol）,沃德利地图（Wardley Maps）,系统与策略,系统与策略,人力密集行业效率提升慢，工资追通胀而生产力不增 = 病。,看清演化阶段：Genesis → Custom → Product → Comm,related,,,related,13,
K007,K094,平均 / 顶尖（选目标对象）,沃德利地图（Wardley Maps）,系统与策略,系统与策略,参照物决定天花板；和顶尖比你会更尖，和平均比你会平庸。,看清演化阶段：Genesis → Custom → Product → Comm,related,,,related,12,
K050,K002,能动性（Agency）,No One Is Coming,系统与策略,意义与目的,能动性 = 你能动的杠杆点 + 你真的去动；知道+做 = 主权。,没人会来救你；自我负责是所有主体的起点。,related,,,相关,12,
K050,K044,能动性（Agency）,主动性 / 建立联系,系统与策略,关系与社会,能动性 = 你能动的杠杆点 + 你真的去动；知道+做 = 主权。,网络是被构建的，不是'有'的；联结是双向投资。,related,,,相关,12,
K071,K068,凯利公式（Kelly Criterion）,分布,系统与策略,认知,按优势/赔率定下注比例；ALL IN 几乎必败。,看均值会忽略尾部；看分布才能看见可能。,related,,,相关,12,
K092,K094,窗口（Window）,沃德利地图（Wardley Maps）,系统与策略,系统与策略,机会不会永远开着；对窗口要快定快动。,看清演化阶段：Genesis → Custom → Product → Comm,related,,,related,12,
K027,K021,目标（选择与排序）,Focus,系统与策略,行动,目标不是同时做三件，是放弃其中两件。,Focus 是对'不做什么'的勇气。,related,,,相关,11,
K037,K021,80/20 法则,Focus,系统与策略,行动,20% 因决定 80% 结果；找那 20%，把时间全部压上去。,Focus 是对'不做什么'的勇气。,related,,,相关,11,
K046B,K064,场景（系统中）,场域,系统与策略,关系与社会,同一个动作在不同场景下意义全变；先识别场景再行动。,选场域比选努力更优先；好场域让平庸变优秀。,related,,,相关,11,
K092,K052,窗口（Window）,不确定性（Knightian）,系统与策略,系统与策略,机会不会永远开着；对窗口要快定快动。,不确定性不是敌人，是地图之外的总面积；管理它而不是消灭它。,related,,,related,11,
K007,K064,平均 / 顶尖（选目标对象）,场域,系统与策略,关系与社会,参照物决定天花板；和顶尖比你会更尖，和平均比你会平庸。,选场域比选努力更优先；好场域让平庸变优秀。,related,,,相关,10,
K027,K034,目标（选择与排序）,Say No,系统与策略,行动,目标不是同时做三件，是放弃其中两件。,说不的成本总被低估；说不的能力 = 自由。,related,,,相关,10,
K049,K074,重尾（Fat Tail）,期权（Options）,系统与策略,系统与策略,极少数事件占绝大多数结果；要为尾巴下注。,保留廉价的不对称机会；放弃确定性换取可能。,related,,,related,10,
K050,K055,能动性（Agency）,供给侧心态,系统与策略,系统与策略,能动性 = 你能动的杠杆点 + 你真的去动；知道+做 = 主权。,不要追需求，要造供给；让别人'找不到替代'。,related,,,related,10,
K051,K010,限制（能量）,幸福水平回归,系统与策略,情绪,能量是最真实的硬约束；不要用时间计量安排。,幸福有基线；大好事/坏事会回归；不该指望外物持久拔高。,related,,,相关,10,
K055,K063,供给侧心态,赛道选择,系统与策略,系统与策略,不要追需求，要造供给；让别人'找不到替代'。,努力 ≠ 价值；选对赛道，努力 ×10，×100。,related,,,related,10,
K056,K083,复利（Compound Interest）,刻意练习,系统与策略,学习,时间是复利的朋友，断点是它的敌人；不要频繁中断。,练习不是重复；是跳出舒适区 + 反馈 + 修正。,related,,,相关,10,
K065,K083,探索与利用,刻意练习,系统与策略,学习,利用已知的稳赢 vs 探索未知的高奖；分配比例 = 阶段决定。,练习不是重复；是跳出舒适区 + 反馈 + 修正。,related,,,相关,10,
K071,K074,凯利公式（Kelly Criterion）,期权（Options）,系统与策略,系统与策略,按优势/赔率定下注比例；ALL IN 几乎必败。,保留廉价的不对称机会；放弃确定性换取可能。,related,,,related,10,
K089,K063,租（Rent）,赛道选择,系统与策略,系统与策略,租金 = 你比平均多留的部分；区分真租与租寻。,努力 ≠ 价值；选对赛道，努力 ×10，×100。,related,,,related,10,
K092,K035,窗口（Window）,拖延,系统与策略,行动,机会不会永远开着；对窗口要快定快动。,拖延不是懒，是情绪管理失败（怕失败/求完美/怕无聊）。,related,,,相关,10,
K103,K089,柠檬市场（Lemons）,租（Rent）,系统与策略,系统与策略,劣币驱良币；信息不对称时市场失灵。,租金 = 你比平均多留的部分；区分真租与租寻。,related,,,related,10,
K007,K063,平均 / 顶尖（选目标对象）,赛道选择,系统与策略,系统与策略,参照物决定天花板；和顶尖比你会更尖，和平均比你会平庸。,努力 ≠ 价值；选对赛道，努力 ×10，×100。,related,,,related,9,
K009,K074,指数（Compound）,期权（Options）,系统与策略,系统与策略,复利是世界的隐藏主轴；按线性看的人总会错过。,保留廉价的不对称机会；放弃确定性换取可能。,related,,,related,9,
K049,K096,重尾（Fat Tail）,杰文斯悖论（Jevons）,系统与策略,系统与策略,极少数事件占绝大多数结果；要为尾巴下注。,效率提升 → 总消耗上升；改善单点不等于系统变好。,related,,,related,9,
K051,K025,限制（能量）,take time off,系统与策略,行动,能量是最真实的硬约束；不要用时间计量安排。,战略性撤退是生产力工具，不是奖励。,related,,,相关,9,
K056,K024,复利（Compound Interest）,例行公事（Routines）,系统与策略,行动,时间是复利的朋友，断点是它的敌人；不要频繁中断。,把重要但不紧急的事装进例行；意志力最贵的资源要外包。,related,,,相关,9,
K072,K063,非便利性（Inconvenience）,赛道选择,系统与策略,系统与策略,最便宜的路最挤；反向找有门槛的路 = 阿尔法。,努力 ≠ 价值；选对赛道，努力 ×10，×100。,related,,,related,9,
K090,K049,阿尔法（Alpha）,重尾（Fat Tail）,系统与策略,系统与策略,超出基准的部分来自独特判断；不是勤奋，是高赔率。,极少数事件占绝大多数结果；要为尾巴下注。,related,,,related,9,
K090,K071,阿尔法（Alpha）,凯利公式（Kelly Criterion）,系统与策略,系统与策略,超出基准的部分来自独特判断；不是勤奋，是高赔率。,按优势/赔率定下注比例；ALL IN 几乎必败。,related,,,related,9,
K091,K074,杠杆（Leverage）,期权（Options）,系统与策略,系统与策略,杠杆 = 投入产出比；高杠杆 = 用更少得更多。,保留廉价的不对称机会；放弃确定性换取可能。,related,,,related,9,
K102,K103,激励相容（Incentive Compatibility）,柠檬市场（Lemons）,系统与策略,系统与策略,让人自利 = 让你也得；好制度让'利己'对齐'利他'。,劣币驱良币；信息不对称时市场失灵。,related,,,related,9,
K102,K108,激励相容（Incentive Compatibility）,组织资本,系统与策略,关系与社会,让人自利 = 让你也得；好制度让'利己'对齐'利他'。,组织资本是隐形资产：流程、文化、关系网；不维护会衰竭。,related,,,相关,9,
K009,K056,指数（Compound）,复利（Compound Interest）,系统与策略,系统与策略,复利是世界的隐藏主轴；按线性看的人总会错过。,时间是复利的朋友，断点是它的敌人；不要频繁中断。,related,,,related,8,
K009,K065,指数（Compound）,探索与利用,系统与策略,系统与策略,复利是世界的隐藏主轴；按线性看的人总会错过。,利用已知的稳赢 vs 探索未知的高奖；分配比例 = 阶段决定。,related,,,related,8,
K009,K077,指数（Compound）,回归均值,系统与策略,认知,复利是世界的隐藏主轴；按线性看的人总会错过。,极端表现会被拉回均值；不要把偶然当能力。,related,,,相关,8,
K037,K091,80/20 法则,杠杆（Leverage）,系统与策略,系统与策略,20% 因决定 80% 结果；找那 20%，把时间全部压上去。,杠杆 = 投入产出比；高杠杆 = 用更少得更多。,related,,,related,8,
K065,K056,探索与利用,复利（Compound Interest）,系统与策略,系统与策略,利用已知的稳赢 vs 探索未知的高奖；分配比例 = 阶段决定。,时间是复利的朋友，断点是它的敌人；不要频繁中断。,related,,,related,8,
K089,K090,租（Rent）,阿尔法（Alpha）,系统与策略,系统与策略,租金 = 你比平均多留的部分；区分真租与租寻。,超出基准的部分来自独特判断；不是勤奋，是高赔率。,related,,,related,8,
K095,K091,成本病（Baumol）,杠杆（Leverage）,系统与策略,系统与策略,人力密集行业效率提升慢，工资追通胀而生产力不增 = 病。,杠杆 = 投入产出比；高杠杆 = 用更少得更多。,related,,,related,8,
K095,K096,成本病（Baumol）,杰文斯悖论（Jevons）,系统与策略,系统与策略,人力密集行业效率提升慢，工资追通胀而生产力不增 = 病。,效率提升 → 总消耗上升；改善单点不等于系统变好。,related,,,related,8,
K096,K037,杰文斯悖论（Jevons）,80/20 法则,系统与策略,系统与策略,效率提升 → 总消耗上升；改善单点不等于系统变好。,20% 因决定 80% 结果；找那 20%，把时间全部压上去。,related,,,related,8,
K096,K046B,杰文斯悖论（Jevons）,场景（系统中）,系统与策略,系统与策略,效率提升 → 总消耗上升；改善单点不等于系统变好。,同一个动作在不同场景下意义全变；先识别场景再行动。,related,,,related,8,
K100,K095,软预算（Soft Budget）,成本病（Baumol）,系统与策略,系统与策略,不硬约束成本 = 资源被滥用；软预算下没有真效率。,人力密集行业效率提升慢，工资追通胀而生产力不增 = 病。,related,,,related,8,
K027,K033,目标（选择与排序）,少而精（too much good）,系统与策略,系统与策略,目标不是同时做三件，是放弃其中两件。,好东西太多 = 没好东西；选择性削减。,related,,,related,7,
K037,K093,80/20 法则,效果（Outcome）,系统与策略,系统与策略,20% 因决定 80% 结果；找那 20%，把时间全部压上去。,投入→效果→目标的链条要直；中间越多越损耗。,related,,,related,7,
K051,K042,限制（能量）,内向 / 外向（恢复）,系统与策略,情绪,能量是最真实的硬约束；不要用时间计量安排。,能量有主要来源；不充电就会失控。,related,,,相关,7,
K055,K072,供给侧心态,非便利性（Inconvenience）,系统与策略,系统与策略,不要追需求，要造供给；让别人'找不到替代'。,最便宜的路最挤；反向找有门槛的路 = 阿尔法。,related,,,related,7,
K072,K090,非便利性（Inconvenience）,阿尔法（Alpha）,系统与策略,系统与策略,最便宜的路最挤；反向找有门槛的路 = 阿尔法。,超出基准的部分来自独特判断；不是勤奋，是高赔率。,related,,,related,7,
K091,K093,杠杆（Leverage）,效果（Outcome）,系统与策略,系统与策略,杠杆 = 投入产出比；高杠杆 = 用更少得更多。,投入→效果→目标的链条要直；中间越多越损耗。,related,,,related,7,
K093,K027,效果（Outcome）,目标（选择与排序）,系统与策略,系统与策略,投入→效果→目标的链条要直；中间越多越损耗。,目标不是同时做三件，是放弃其中两件。,related,,,related,7,
K100,K102,软预算（Soft Budget）,激励相容（Incentive Compatibility）,系统与策略,系统与策略,不硬约束成本 = 资源被滥用；软预算下没有真效率。,让人自利 = 让你也得；好制度让'利己'对齐'利他'。,related,,,related,7,
K016,K020,环境,Event→Thought→Emotion,行动,认知,环境是隐形的执行系统；改环境比改意志便宜 10 倍。,情绪不是事件直接给的，是认知扭曲塑造的（ABC 模型）。,related,,,treats / applies,19,
K035,K062,拖延,身份认同,行动,身份,拖延不是懒，是情绪管理失败（怕失败/求完美/怕无聊）。,身份是行为的持续模式；想做新事，先认领新身份。,related,,,enables (身份驱动),19,
K026,K020,写下来（A.B.C）,Event→Thought→Emotion,行动,认知,心智外移到纸上；'写'是认知的廉价外骨骼。,情绪不是事件直接给的，是认知扭曲塑造的（ABC 模型）。,related,,,treats / applies,18,
K006,K021,理想 + 现实 + Action,Focus,行动,行动,理想画方向，现实给约束；二者之间只活 Action。,Focus 是对'不做什么'的勇气。,related,,,同簇，多为 enables / contrasts,14,
K006,K031,理想 + 现实 + Action,Calling,行动,意义与目的,理想画方向，现实给约束；二者之间只活 Action。,Calling 不是职业而是回响；做对的事会回响到对的人。,related,,,enables / motivates,14,
K016,K021,环境,Focus,行动,行动,环境是隐形的执行系统；改环境比改意志便宜 10 倍。,Focus 是对'不做什么'的勇气。,related,,,同簇，多为 enables / contrasts,13,
K021,K034,Focus,Say No,行动,行动,Focus 是对'不做什么'的勇气。,说不的成本总被低估；说不的能力 = 自由。,related,,,同簇，多为 enables / contrasts,13,
K025,K073,take time off,脆弱和反脆弱,行动,情绪,战略性撤退是生产力工具，不是奖励。,脆弱 = 波动大；反脆弱 = 波动越大越受益。,related,,,treats (行动解决情绪),13,
K038,K006,奖励过程（have → having）,理想 + 现实 + Action,行动,行动,不要等有结果再行动；要把过程的'奖励结构'重设计。,理想画方向，现实给约束；二者之间只活 Action。,related,,,同簇，多为 enables / contrasts,13,
K038,K035,奖励过程（have → having）,拖延,行动,行动,不要等有结果再行动；要把过程的'奖励结构'重设计。,拖延不是懒，是情绪管理失败（怕失败/求完美/怕无聊）。,related,,,同簇，多为 enables / contrasts,13,
K006,K026,理想 + 现实 + Action,写下来（A.B.C）,行动,行动,理想画方向，现实给约束；二者之间只活 Action。,心智外移到纸上；'写'是认知的廉价外骨骼。,related,,,同簇，多为 enables / contrasts,12,
K024,K021,例行公事（Routines）,Focus,行动,行动,把重要但不紧急的事装进例行；意志力最贵的资源要外包。,Focus 是对'不做什么'的勇气。,related,,,同簇，多为 enables / contrasts,12,
K025,K032,take time off,压力（break）,行动,情绪,战略性撤退是生产力工具，不是奖励。,压力不是负担，是'被需要'的信号；用对就增益。,related,,,treats (行动解决情绪),12,
K034,K044,Say No,主动性 / 建立联系,行动,关系与社会,说不的成本总被低估；说不的能力 = 自由。,网络是被构建的，不是'有'的；联结是双向投资。,related,,,相关,12,
K016,K026,环境,写下来（A.B.C）,行动,行动,环境是隐形的执行系统；改环境比改意志便宜 10 倍。,心智外移到纸上；'写'是认知的廉价外骨骼。,related,,,同簇，多为 enables / contrasts,11,
K024,K016,例行公事（Routines）,环境,行动,行动,把重要但不紧急的事装进例行；意志力最贵的资源要外包。,环境是隐形的执行系统；改环境比改意志便宜 10 倍。,related,,,同簇，多为 enables / contrasts,11,
K025,K024,take time off,例行公事（Routines）,行动,行动,战略性撤退是生产力工具，不是奖励。,把重要但不紧急的事装进例行；意志力最贵的资源要外包。,related,,,同簇，多为 enables / contrasts,11,
K035,K018,拖延,失败 More,行动,情绪,拖延不是懒，是情绪管理失败（怕失败/求完美/怕无聊）。,失败不是反例，是数据；量比质更重要。,related,,,treats (行动解决情绪),11,
K038,K057,奖励过程（have → having）,自我觉得论（SDT）,行动,认知,不要等有结果再行动；要把过程的'奖励结构'重设计。,自主、胜任、归属三需求被满足时，动机与幸福最稳。,related,,,treats / applies,11,
K021,K033,Focus,少而精（too much good）,行动,系统与策略,Focus 是对'不做什么'的勇气。,好东西太多 = 没好东西；选择性削减。,related,,,相关,10,
K023,K006,Change：A/B/C 渐进/突变,理想 + 现实 + Action,行动,行动,A 微调、B 改造、C 重启；知道在哪一档才不空转。,理想画方向，现实给约束；二者之间只活 Action。,related,,,同簇，多为 enables / contrasts,10,
K024,K026,例行公事（Routines）,写下来（A.B.C）,行动,行动,把重要但不紧急的事装进例行；意志力最贵的资源要外包。,心智外移到纸上；'写'是认知的廉价外骨骼。,related,,,同簇，多为 enables / contrasts,10,
K025,K042,take time off,内向 / 外向（恢复）,行动,情绪,战略性撤退是生产力工具，不是奖励。,能量有主要来源；不充电就会失控。,related,,,treats (行动解决情绪),10,
K035,K036,拖延,完美主义,行动,行动,拖延不是懒，是情绪管理失败（怕失败/求完美/怕无聊）。,完美主义是拖延的体面别名；先丑再好。,related,,,同簇，多为 enables / contrasts,10,
K035,K060,拖延,WOOP（Wish–Outcome–Obstacle–Plan）,行动,行动,拖延不是懒，是情绪管理失败（怕失败/求完美/怕无聊）。,用'具体障碍'逼出'if-then'；心理对照的力量。,related,,,同簇，多为 enables / contrasts,10,
K023,K016,Change：A/B/C 渐进/突变,环境,行动,行动,A 微调、B 改造、C 重启；知道在哪一档才不空转。,环境是隐形的执行系统；改环境比改意志便宜 10 倍。,related,,,同簇，多为 enables / contrasts,9,
K034,K033,Say No,少而精（too much good）,行动,系统与策略,说不的成本总被低估；说不的能力 = 自由。,好东西太多 = 没好东西；选择性削减。,related,,,相关,9,
K036,K038,完美主义,奖励过程（have → having）,行动,行动,完美主义是拖延的体面别名；先丑再好。,不要等有结果再行动；要把过程的'奖励结构'重设计。,related,,,同簇，多为 enables / contrasts,9,
K060,K034,WOOP（Wish–Outcome–Obstacle–Plan）,Say No,行动,行动,用'具体障碍'逼出'if-then'；心理对照的力量。,说不的成本总被低估；说不的能力 = 自由。,related,,,同簇，多为 enables / contrasts,9,
K036,K018,完美主义,失败 More,行动,情绪,完美主义是拖延的体面别名；先丑再好。,失败不是反例，是数据；量比质更重要。,related,,,treats (行动解决情绪),7,
K023,K060,Change：A/B/C 渐进/突变,WOOP（Wish–Outcome–Obstacle–Plan）,行动,行动,A 微调、B 改造、C 重启；知道在哪一档才不空转。,用'具体障碍'逼出'if-then'；心理对照的力量。,related,,,同簇，多为 enables / contrasts,6,
K020,K073,Event→Thought→Emotion,脆弱和反脆弱,认知,情绪,情绪不是事件直接给的，是认知扭曲塑造的（ABC 模型）。,脆弱 = 波动大；反脆弱 = 波动越大越受益。,related,,,treats / reframes,20,
K020,K017,Event→Thought→Emotion,P or N 视角,认知,情绪,情绪不是事件直接给的，是认知扭曲塑造的（ABC 模型）。,同一事件，可用成长视角（P）或威胁视角（N）解读。,related,,,treats / reframes,19,
K048,K020,叙事（故事）,Event→Thought→Emotion,认知,认知,我们活在自己讲的故事里；改写叙事 = 改写现实。,情绪不是事件直接给的，是认知扭曲塑造的（ABC 模型）。,related,,,同簇，多为 enables / part_of,19,
K020,K067,Event→Thought→Emotion,偏置（Bias）,认知,认知,情绪不是事件直接给的，是认知扭曲塑造的（ABC 模型）。,偏置是系统的、可预测的错误方向；先承认才能校对。,related,,,同簇，多为 enables / part_of,17,
K020,K078,Event→Thought→Emotion,前景理论,认知,认知,情绪不是事件直接给的，是认知扭曲塑造的（ABC 模型）。,人对损失更敏感；参考点决定一切价值判断。,related,,,同簇，多为 enables / part_of,17,
K046A,K052,概率,不确定性（Knightian）,认知,系统与策略,世界是分布，不是单点；用概率思考代替确定论。,不确定性不是敌人，是地图之外的总面积；管理它而不是消灭它。,related,,,相关,16,
K046A,K069,概率,贝叶斯,认知,认知,世界是分布，不是单点；用概率思考代替确定论。,信念随证据更新；好判断不是更准，是更快纠错。,treats,,,同簇，多为 enables / part_of,16,
K069,K046A,贝叶斯,概率,认知,认知,信念随证据更新；好判断不是更准，是更快纠错。,世界是分布，不是单点；用概率思考代替确定论。,related,,,同簇，多为 enables / part_of,16,
K068,K046A,分布,概率,认知,认知,看均值会忽略尾部；看分布才能看见可能。,世界是分布，不是单点；用概率思考代替确定论。,related,,,同簇，多为 enables / part_of,15,
K068,K069,分布,贝叶斯,认知,认知,看均值会忽略尾部；看分布才能看见可能。,信念随证据更新；好判断不是更准，是更快纠错。,related,,,同簇，多为 enables / part_of,15,
K046A,K079,概率,OODA 环,认知,认知,世界是分布，不是单点；用概率思考代替确定论。,观察-判断-决策-行动的循环要快；快循环者赢。,related,,,同簇，多为 enables / part_of,14,
K069,K079,贝叶斯,OODA 环,认知,认知,信念随证据更新；好判断不是更准，是更快纠错。,观察-判断-决策-行动的循环要快；快循环者赢。,related,,,同簇，多为 enables / part_of,14,
K079,K052,OODA 环,不确定性（Knightian）,认知,系统与策略,观察-判断-决策-行动的循环要快；快循环者赢。,不确定性不是敌人，是地图之外的总面积；管理它而不是消灭它。,related,,,相关,14,
K046A,K046B,概率,场景（系统中）,认知,系统与策略,世界是分布，不是单点；用概率思考代替确定论。,同一个动作在不同场景下意义全变；先识别场景再行动。,related,,,相关,12,
K057,K031,自我觉得论（SDT）,Calling,认知,意义与目的,自主、胜任、归属三需求被满足时，动机与幸福最稳。,Calling 不是职业而是回响；做对的事会回响到对的人。,related,,,相关,12,
K068,K049,分布,重尾（Fat Tail）,认知,系统与策略,看均值会忽略尾部；看分布才能看见可能。,极少数事件占绝大多数结果；要为尾巴下注。,related,,,相关,12,
K069,K067,贝叶斯,偏置（Bias）,认知,认知,信念随证据更新；好判断不是更准，是更快纠错。,偏置是系统的、可预测的错误方向；先承认才能校对。,related,,,同簇，多为 enables / part_of,12,
K069,K080,贝叶斯,预测,认知,认知,信念随证据更新；好判断不是更准，是更快纠错。,预测的目的不是'对'，是更早发现错。,related,,,同簇，多为 enables / part_of,12,
K080,K046A,预测,概率,认知,认知,预测的目的不是'对'，是更早发现错。,世界是分布，不是单点；用概率思考代替确定论。,related,,,同簇，多为 enables / part_of,12,
K047,K001,问自己,问题创造现实,认知,意义与目的,高质量的问题是高价值的工具；提问是最便宜的杠杆。,提问方式决定你能看见的世界；问题的形塑力大于答案。,related,,,相关,11,
K057,K022,自我觉得论（SDT）,感激（Gratitude）,认知,情绪,自主、胜任、归属三需求被满足时，动机与幸福最稳。,感激不是客气，是主动切到'足够'视角的方法。,related,,,treats / reframes,11,
K068,K077,分布,回归均值,认知,认知,看均值会忽略尾部；看分布才能看见可能。,极端表现会被拉回均值；不要把偶然当能力。,related,,,同簇，多为 enables / part_of,11,
K070,K046A,信息价值,概率,认知,认知,信息不是免费的，值钱的是它改变决策的程度。,世界是分布，不是单点；用概率思考代替确定论。,related,,,同簇，多为 enables / part_of,11,
K076,K069,偏差（Error）,贝叶斯,认知,认知,偏差是测量里的系统偏离；与偏置（认知陷阱）同字不同义。,信念随证据更新；好判断不是更准，是更快纠错。,related,,,同簇，多为 enables / part_of,11,
K058,K052,自由能（Free Energy）,不确定性（Knightian）,认知,系统与策略,主动降低内外预测误差；行动是减少自由能的最快路径。,不确定性不是敌人，是地图之外的总面积；管理它而不是消灭它。,related,,,相关,10,
K076,K068,偏差（Error）,分布,认知,认知,偏差是测量里的系统偏离；与偏置（认知陷阱）同字不同义。,看均值会忽略尾部；看分布才能看见可能。,related,,,同簇，多为 enables / part_of,10,
K078,K032,前景理论,压力（break）,认知,情绪,人对损失更敏感；参考点决定一切价值判断。,压力不是负担，是'被需要'的信号；用对就增益。,related,,,treats / reframes,10,
K079,K080,OODA 环,预测,认知,认知,观察-判断-决策-行动的循环要快；快循环者赢。,预测的目的不是'对'，是更早发现错。,related,,,同簇，多为 enables / part_of,10,
K047,K030,问自己,Find who you are,认知,身份,高质量的问题是高价值的工具；提问是最便宜的杠杆。,自我不是找到的，是经由问题-工作-修正而浮现的。,related,,,相关,9,
K047,K079,问自己,OODA 环,认知,认知,高质量的问题是高价值的工具；提问是最便宜的杠杆。,观察-判断-决策-行动的循环要快；快循环者赢。,related,,,同簇，多为 enables / part_of,9,
K057,K042,自我觉得论（SDT）,内向 / 外向（恢复）,认知,情绪,自主、胜任、归属三需求被满足时，动机与幸福最稳。,能量有主要来源；不充电就会失控。,related,,,treats / reframes,9,
K070,K050,信息价值,能动性（Agency）,认知,系统与策略,信息不是免费的，值钱的是它改变决策的程度。,能动性 = 你能动的杠杆点 + 你真的去动；知道+做 = 主权。,related,,,相关,9,
K077,K071,回归均值,凯利公式（Kelly Criterion）,认知,系统与策略,极端表现会被拉回均值；不要把偶然当能力。,按优势/赔率定下注比例；ALL IN 几乎必败。,related,,,相关,9,
K058,K079,自由能（Free Energy）,OODA 环,认知,认知,主动降低内外预测误差；行动是减少自由能的最快路径。,观察-判断-决策-行动的循环要快；快循环者赢。,related,,,同簇，多为 enables / part_of,8,
K067,K078,偏置（Bias）,前景理论,认知,认知,偏置是系统的、可预测的错误方向；先承认才能校对。,人对损失更敏感；参考点决定一切价值判断。,related,,,同簇，多为 enables / part_of,8,
K077,K078,回归均值,前景理论,认知,认知,极端表现会被拉回均值；不要把偶然当能力。,人对损失更敏感；参考点决定一切价值判断。,related,,,同簇，多为 enables / part_of,8,
K067,K076,偏置（Bias）,偏差（Error）,认知,认知,偏置是系统的、可预测的错误方向；先承认才能校对。,偏差是测量里的系统偏离；与偏置（认知陷阱）同字不同义。,related,,,同簇，多为 enables / part_of,7,
K070,K080,信息价值,预测,认知,认知,信息不是免费的，值钱的是它改变决策的程度。,预测的目的不是'对'，是更早发现错。,related,,,同簇，多为 enables / part_of,7,
K014,K020,信念,Event→Thought→Emotion,身份,认知,信念是行为的地基；改变行为先改信念，信念变了世界就跟着变。,情绪不是事件直接给的，是认知扭曲塑造的（ABC 模型）。,related,,,相关,21,
K062,K014,身份认同,信念,身份,身份,身份是行为的持续模式；想做新事，先认领新身份。,信念是行为的地基；改变行为先改信念，信念变了世界就跟着变。,related,,,related,20,
K030,K062,Find who you are,身份认同,身份,身份,自我不是找到的，是经由问题-工作-修正而浮现的。,身份是行为的持续模式；想做新事，先认领新身份。,related,,,related,18,
K053,K062,3个我（进程、界面、内核）,身份认同,身份,身份,内核稳定，界面灵活，进程是当下任务；改界面不改内核。,身份是行为的持续模式；想做新事，先认领新身份。,related,,,related,18,
K011,K062,To be human,身份认同,身份,身份,完整的人性包含脆弱、矛盾、有限，而不只是'更高更快'。,身份是行为的持续模式；想做新事，先认领新身份。,related,,,related,17,
K028,K062,自我和谐,身份认同,身份,身份,内外一致，不拧巴；不一致的小事会消耗大量能量。,身份是行为的持续模式；想做新事，先认领新身份。,related,,,related,17,
K014,K001,信念,问题创造现实,身份,意义与目的,信念是行为的地基；改变行为先改信念，信念变了世界就跟着变。,提问方式决定你能看见的世界；问题的形塑力大于答案。,related,,,相关,16,
K015,K062,扮演（as if）,身份认同,身份,身份,假装，直到成真：身份的杠杆在行为而非心态。,身份是行为的持续模式；想做新事，先认领新身份。,related,,,related,16,
K045,K062,我生了不是这样的,身份认同,身份,身份,出生剧本不是判决；'本来的我'是可重写的变量。,身份是行为的持续模式；想做新事，先认领新身份。,related,,,related,16,
K054,K062,君子不器,身份认同,身份,身份,不要被塑成单一工具；留接口而非定死形状。,身份是行为的持续模式；想做新事，先认领新身份。,related,,,related,16,
K029,K062,24种性格 (Top 5),身份认同,身份,身份,性格不止一套标签；用 Top 5 取代 One Type 更立体。,身份是行为的持续模式；想做新事，先认领新身份。,related,,,related,15,
K014,K048,信念,叙事（故事）,身份,认知,信念是行为的地基；改变行为先改信念，信念变了世界就跟着变。,我们活在自己讲的故事里；改写叙事 = 改写现实。,related,,,相关,14,
K030,K001,Find who you are,问题创造现实,身份,意义与目的,自我不是找到的，是经由问题-工作-修正而浮现的。,提问方式决定你能看见的世界；问题的形塑力大于答案。,related,,,相关,14,
K011,K014,To be human,信念,身份,身份,完整的人性包含脆弱、矛盾、有限，而不只是'更高更快'。,信念是行为的地基；改变行为先改信念，信念变了世界就跟着变。,related,,,related,13,
K030,K031,Find who you are,Calling,身份,意义与目的,自我不是找到的，是经由问题-工作-修正而浮现的。,Calling 不是职业而是回响；做对的事会回响到对的人。,related,,,相关,13,
K014,K015,信念,扮演（as if）,身份,身份,信念是行为的地基；改变行为先改信念，信念变了世界就跟着变。,假装，直到成真：身份的杠杆在行为而非心态。,related,,,related,12,
K045,K014,我生了不是这样的,信念,身份,身份,出生剧本不是判决；'本来的我'是可重写的变量。,信念是行为的地基；改变行为先改信念，信念变了世界就跟着变。,related,,,related,12,
K028,K053,自我和谐,3个我（进程、界面、内核）,身份,身份,内外一致，不拧巴；不一致的小事会消耗大量能量。,内核稳定，界面灵活，进程是当下任务；改界面不改内核。,related,,,related,11,
K011,K028,To be human,自我和谐,身份,身份,完整的人性包含脆弱、矛盾、有限，而不只是'更高更快'。,内外一致，不拧巴；不一致的小事会消耗大量能量。,related,,,related,10,
K011,K101,To be human,米提斯（Metis）,身份,意义与目的,完整的人性包含脆弱、矛盾、有限，而不只是'更高更快'。,智慧不止'知道'，更包括'知道何时、用何、为何'的实践巧思。,related,,,相关,10,
K011,K110,To be human,死亡（Death）,身份,意义与目的,完整的人性包含脆弱、矛盾、有限，而不只是'更高更快'。,把死亡放在视野中央，反而让活着变清晰；它是意义的最强催化剂。,related,,,相关,10,
K015,K053,扮演（as if）,3个我（进程、界面、内核）,身份,身份,假装，直到成真：身份的杠杆在行为而非心态。,内核稳定，界面灵活，进程是当下任务；改界面不改内核。,related,,,related,10,
K045,K030,我生了不是这样的,Find who you are,身份,身份,出生剧本不是判决；'本来的我'是可重写的变量。,自我不是找到的，是经由问题-工作-修正而浮现的。,related,,,related,10,
K045,K048,我生了不是这样的,叙事（故事）,身份,认知,出生剧本不是判决；'本来的我'是可重写的变量。,我们活在自己讲的故事里；改写叙事 = 改写现实。,related,,,相关,10,
K053,K054,3个我（进程、界面、内核）,君子不器,身份,身份,内核稳定，界面灵活，进程是当下任务；改界面不改内核。,不要被塑成单一工具；留接口而非定死形状。,related,,,related,10,
K054,K030,君子不器,Find who you are,身份,身份,不要被塑成单一工具；留接口而非定死形状。,自我不是找到的，是经由问题-工作-修正而浮现的。,related,,,related,10,
K028,K054,自我和谐,君子不器,身份,身份,内外一致，不拧巴；不一致的小事会消耗大量能量。,不要被塑成单一工具；留接口而非定死形状。,related,,,related,9,
K029,K053,24种性格 (Top 5),3个我（进程、界面、内核）,身份,身份,性格不止一套标签；用 Top 5 取代 One Type 更立体。,内核稳定，界面灵活，进程是当下任务；改界面不改内核。,related,,,related,9,
K029,K028,24种性格 (Top 5),自我和谐,身份,身份,性格不止一套标签；用 Top 5 取代 One Type 更立体。,内外一致，不拧巴；不一致的小事会消耗大量能量。,related,,,related,8,
